{"cameraMode":{"drawMode":0,"name":"Shaded","section":"Shading Mode"},"sceneLighting":true,"audioPlay":false,"sceneViewState":{"showFog":true,"showMaterialUpdate":false,"showSkybox":true,"showFlares":true,"showImageEffects":true,"showParticleSystems":true},"in2DMode":false,"pivot":{"x":-0.8783397674560547,"y":3.73679780960083,"z":-10.832036018371582},"rotation":{"x":-0.1898953914642334,"y":-0.23397457599639893,"z":0.046652354300022128,"w":-0.9523776769638062},"size":14.271807670593262,"orthographic":false}